algorithm,seed,scenario,iteration,transitions,loop_seconds,planar_error_mps,survival_rate,walking_success_rate,tracking_success_rate,walking_gate_passed
rsl_rl_ppo,0,forward_0_5,250,6144000,107.19077015481889,0.7088857889175415,0.265625,0.0,0.0,False
rsl_rl_ppo,0,native_commands,250,6144000,107.19077015481889,0.7714206576347351,0.171875,,0.0,
rsl_rl_ppo,0,forward_0_5,500,12288000,210.11089538224041,0.5495201349258423,0.921875,0.0,0.890625,False
rsl_rl_ppo,0,native_commands,500,12288000,210.11089538224041,0.5040754079818726,0.296875,,0.21875,
rsl_rl_ppo,0,forward_0_5,1000,24576000,413.6881169648841,0.13861751556396484,0.984375,0.984375,0.984375,True
rsl_rl_ppo,0,native_commands,1000,24576000,413.6881169648841,0.2744472324848175,0.546875,,0.265625,
rsl_rl_ppo,0,forward_0_5,1500,36864000,616.4204295007512,0.22801676392555237,0.984375,0.984375,0.984375,False
rsl_rl_ppo,0,native_commands,1500,36864000,616.4204295007512,0.21644175052642822,0.78125,,0.765625,
rsl_rl_ppo,0,forward_0_5,2050,50380800,836.2815944179893,0.12543532252311707,1.0,1.0,1.0,True
rsl_rl_ppo,0,native_commands,2050,50380800,836.2815944179893,0.1481461524963379,0.875,,0.875,
rsl_rl_ppo,1,forward_0_5,250,6144000,106.3707745661959,0.6303826570510864,0.65625,0.0,0.078125,False
rsl_rl_ppo,1,native_commands,250,6144000,106.3707745661959,0.6821578741073608,0.671875,,0.09375,
rsl_rl_ppo,1,forward_0_5,500,12288000,209.1299622375518,0.43902501463890076,0.875,0.0,0.875,False
rsl_rl_ppo,1,native_commands,500,12288000,209.1299622375518,0.49190226197242737,0.65625,,0.234375,
rsl_rl_ppo,1,forward_0_5,1000,24576000,411.5946467202157,0.15377353131771088,0.984375,0.984375,0.984375,True
rsl_rl_ppo,1,native_commands,1000,24576000,411.5946467202157,0.22669005393981934,0.8125,,0.765625,
rsl_rl_ppo,1,forward_0_5,1500,36864000,612.8900826722383,0.1592807024717331,0.953125,0.953125,0.953125,True
rsl_rl_ppo,1,native_commands,1500,36864000,612.8900826722383,0.1459818333387375,0.9375,,0.9375,
rsl_rl_ppo,1,forward_0_5,2050,50380800,832.9425342604518,0.1003313660621643,1.0,1.0,1.0,True
rsl_rl_ppo,1,native_commands,2050,50380800,832.9425342604518,0.1306891143321991,0.96875,,0.96875,
rsl_rl_ppo,2,forward_0_5,250,6144000,108.11136679537594,0.6084041595458984,0.703125,0.0,0.015625,False
rsl_rl_ppo,2,native_commands,250,6144000,108.11136679537594,0.667261004447937,0.453125,,0.109375,
rsl_rl_ppo,2,forward_0_5,500,12288000,211.56971583981067,0.5377832651138306,0.9375,0.0,0.765625,False
rsl_rl_ppo,2,native_commands,500,12288000,211.56971583981067,0.569096565246582,0.671875,,0.21875,
rsl_rl_ppo,2,forward_0_5,1000,24576000,414.38373939320445,0.4542138874530792,1.0,0.0,1.0,False
rsl_rl_ppo,2,native_commands,1000,24576000,414.38373939320445,0.336759090423584,0.984375,,0.71875,
rsl_rl_ppo,2,forward_0_5,1500,36864000,617.6431276351213,0.20129656791687012,1.0,1.0,1.0,False
rsl_rl_ppo,2,native_commands,1500,36864000,617.6431276351213,0.19422680139541626,0.71875,,0.6875,
rsl_rl_ppo,2,forward_0_5,2050,50380800,838.3199701365083,0.11484717577695847,1.0,1.0,1.0,True
rsl_rl_ppo,2,native_commands,2050,50380800,838.3199701365083,0.14400477707386017,0.78125,,0.78125,
warp_ppo,0,forward_0_5,250,6144000,104.52447282895446,0.7122209072113037,0.328125,0.0,0.03125,False
warp_ppo,0,native_commands,250,6144000,104.52447282895446,0.7379199266433716,0.109375,,0.0,
warp_ppo,0,forward_0_5,500,12288000,205.34349437057972,0.3725008964538574,0.203125,0.0,0.203125,False
warp_ppo,0,native_commands,500,12288000,205.34349437057972,0.38921141624450684,0.40625,,0.09375,
warp_ppo,0,forward_0_5,1000,24576000,404.0087026935071,0.1621447205543518,0.953125,0.953125,0.953125,True
warp_ppo,0,native_commands,1000,24576000,404.0087026935071,0.17589788138866425,0.890625,,0.890625,
warp_ppo,0,forward_0_5,1500,36864000,600.8061806857586,0.14242619276046753,0.953125,0.953125,0.953125,True
warp_ppo,0,native_commands,1500,36864000,600.8061806857586,0.10268715023994446,0.984375,,0.984375,
warp_ppo,0,forward_0_5,2050,50380800,815.8113875975832,0.06819848716259003,1.0,1.0,1.0,True
warp_ppo,0,native_commands,2050,50380800,815.8113875975832,0.0809401273727417,1.0,,1.0,
warp_ppo,1,forward_0_5,250,6144000,104.03831729572266,0.6275041103363037,0.609375,0.0,0.09375,False
warp_ppo,1,native_commands,250,6144000,104.03831729572266,0.6874079704284668,0.546875,,0.125,
warp_ppo,1,forward_0_5,500,12288000,205.16178399138153,0.5874152779579163,0.859375,0.0,0.796875,False
warp_ppo,1,native_commands,500,12288000,205.16178399138153,0.5356931686401367,0.59375,,0.375,
warp_ppo,1,forward_0_5,1000,24576000,403.5546782743186,0.23435956239700317,0.90625,0.90625,0.90625,False
warp_ppo,1,native_commands,1000,24576000,403.5546782743186,0.27428877353668213,0.8125,,0.78125,
warp_ppo,1,forward_0_5,1500,36864000,599.3894616654143,0.1710696965456009,0.984375,0.984375,0.984375,True
warp_ppo,1,native_commands,1500,36864000,599.3894616654143,0.15626002848148346,0.984375,,0.984375,
warp_ppo,1,forward_0_5,2050,50380800,813.4783636257052,0.08774812519550323,1.0,1.0,1.0,True
warp_ppo,1,native_commands,2050,50380800,813.4783636257052,0.09710699319839478,1.0,,1.0,
warp_ppo,2,forward_0_5,250,6144000,105.26032384950668,0.5826786756515503,0.796875,0.0,0.125,False
warp_ppo,2,native_commands,250,6144000,105.26032384950668,0.6319818496704102,0.6875,,0.234375,
warp_ppo,2,forward_0_5,500,12288000,205.6292543793097,0.49801144003868103,0.90625,0.0,0.90625,False
warp_ppo,2,native_commands,500,12288000,205.6292543793097,0.3713783323764801,0.71875,,0.40625,
warp_ppo,2,forward_0_5,1000,24576000,404.2896246910095,0.11534915864467621,0.9375,0.9375,0.9375,True
warp_ppo,2,native_commands,1000,24576000,404.2896246910095,0.1715378314256668,0.9375,,0.890625,
warp_ppo,2,forward_0_5,1500,36864000,602.4716348284855,0.11512064933776855,1.0,1.0,1.0,True
warp_ppo,2,native_commands,1500,36864000,602.4716348284855,0.11391478776931763,0.984375,,0.984375,
warp_ppo,2,forward_0_5,2050,50380800,817.680602635257,0.1134285256266594,1.0,1.0,1.0,True
warp_ppo,2,native_commands,2050,50380800,817.680602635257,0.1081746369600296,0.984375,,0.984375,
flashsac,0,forward_0_5,250,6144000,267.12964606285095,0.14771896600723267,1.0,0.0,1.0,False
flashsac,0,native_commands,250,6144000,267.12964606285095,0.3766539692878723,1.0,,0.28125,
flashsac,0,forward_0_5,500,12288000,402.4082574984059,0.04069589078426361,1.0,1.0,1.0,True
flashsac,0,native_commands,500,12288000,402.4082574984059,0.07149197161197662,1.0,,0.734375,
flashsac,0,forward_0_5,1000,24576000,669.4064078293741,0.12178143858909607,1.0,1.0,1.0,True
flashsac,0,native_commands,1000,24576000,669.4064078293741,0.11576330661773682,0.984375,,0.984375,
flashsac,0,forward_0_5,1500,36864000,935.0958588132635,0.07124143838882446,1.0,1.0,1.0,True
flashsac,0,native_commands,1500,36864000,935.0958588132635,0.0887896865606308,1.0,,1.0,
flashsac,0,forward_0_5,2050,50380800,1227.4926668070257,0.04116884618997574,1.0,1.0,1.0,True
flashsac,0,native_commands,2050,50380800,1227.4926668070257,0.07163234055042267,1.0,,1.0,
flashsac,1,forward_0_5,250,6144000,265.9657585993409,0.5140448808670044,1.0,0.0,0.328125,False
flashsac,1,native_commands,250,6144000,265.9657585993409,0.604138970375061,1.0,,0.203125,
flashsac,1,forward_0_5,500,12288000,402.7094139494002,0.06039409339427948,1.0,0.875,1.0,True
flashsac,1,native_commands,500,12288000,402.7094139494002,0.12522518634796143,0.9375,,0.828125,
flashsac,1,forward_0_5,1000,24576000,673.0350374067202,0.07546577602624893,1.0,1.0,1.0,True
flashsac,1,native_commands,1000,24576000,673.0350374067202,0.08394959568977356,1.0,,1.0,
flashsac,1,forward_0_5,1500,36864000,942.8925276910886,0.049503009766340256,1.0,1.0,1.0,True
flashsac,1,native_commands,1500,36864000,942.8925276910886,0.07424163818359375,1.0,,1.0,
flashsac,1,forward_0_5,2050,50380800,1238.1563229365274,0.0677613765001297,1.0,1.0,1.0,True
flashsac,1,native_commands,2050,50380800,1238.1563229365274,0.08570289611816406,1.0,,1.0,
flashsac,2,forward_0_5,250,6144000,266.12401310447603,0.5220853090286255,1.0,0.0,0.8125,False
flashsac,2,native_commands,250,6144000,266.12401310447603,0.5746341943740845,1.0,,0.28125,
flashsac,2,forward_0_5,500,12288000,402.12832015473396,0.05366554856300354,1.0,0.0,1.0,False
flashsac,2,native_commands,500,12288000,402.12832015473396,0.07331405580043793,1.0,,0.75,
flashsac,2,forward_0_5,1000,24576000,669.8677446069196,0.05461491644382477,1.0,1.0,1.0,True
flashsac,2,native_commands,1000,24576000,669.8677446069196,0.0799972414970398,1.0,,1.0,
flashsac,2,forward_0_5,1500,36864000,934.942454344593,0.04269319027662277,1.0,1.0,1.0,True
flashsac,2,native_commands,1500,36864000,934.942454344593,0.07483987510204315,1.0,,1.0,
flashsac,2,forward_0_5,2050,50380800,1226.7632881132886,0.05026332288980484,1.0,1.0,1.0,True
flashsac,2,native_commands,2050,50380800,1226.7632881132886,0.08131946623325348,1.0,,1.0,
